,TARGET,PRODUCT,TARGET_ANGEL,PRODUCT_ANGEL,SAME_ANGEL,PRESENTATION TIME,IMAGE INTERVAL TIME,TRIALS INTERVAL TIME,TARGET_INVERTED,PRODUCT_INVERTED
0,05_chocolate,singleton,2,0,,800,,568.425367376831,True,
1,02_chocolate,singleton,3,0,,800,,1534.39859964491,True,
0,break,,,,,,,,
2,06_chocolate,singleton,3,0,,800,,895.636217777521,True,
3,01_chocolate,singleton,2,0,,800,,3280.73286167969,True,
4,00_chocolate,04_chocolate,3,1,False,800,400,2008.74107693405,True,True
5,09_chocolate,singleton,3,0,,800,,1866.68013866032,True,
6,00_chocolate,04_chocolate,3,3,True,800,400,4999.5268626234,True,False
7,08_chocolate,singleton,3,0,,800,,4045.48425048215,True,
8,00_chocolate,09_chocolate,3,3,True,800,400,542.502854909633,True,False
9,05_chocolate,singleton,2,0,,800,,4448.99669651395,True,
10,08_detergent,singleton,1,0,,800,,725.660624664773,True,
11,05_detergent,singleton,3,0,,800,,4533.36896666708,True,
12,05_detergent,singleton,3,0,,800,,4099.36495954273,True,
13,00_detergent,02_detergent,2,2,True,800,400,2291.88893122346,True,False
14,08_detergent,singleton,1,0,,800,,3922.59097863588,True,
15,01_detergent,singleton,3,0,,800,,3067.02197629544,True,
16,04_detergent,singleton,1,0,,800,,3408.22442487119,True,
17,06_detergent,singleton,2,0,,800,,2453.18516145773,True,
18,06_detergent,singleton,1,0,,800,,1153.99143436406,True,
19,00_detergent,05_detergent,3,1,False,800,400,1326.32732461084,True,False
20,04_chocolate,singleton,1,0,,800,,3124.96649137582,True,
21,00_chocolate,05_chocolate,3,3,True,800,400,3864.24348342188,True,False
22,00_chocolate,08_chocolate,3,3,True,800,400,2319.24927265288,True,False
23,06_chocolate,singleton,1,0,,800,,1066.94528619763,False,
24,00_chocolate,07_chocolate,1,1,True,800,400,2093.64325409942,False,True
25,00_chocolate,01_chocolate,1,1,True,800,400,1632.82546090108,False,False
26,00_chocolate,04_chocolate,1,3,False,800,400,811.823308522959,False,False
27,00_chocolate,03_chocolate,1,2,False,800,400,2690.40039959918,False,False
28,00_chocolate,02_chocolate,3,3,True,800,400,4974.82632142796,False,False
29,04_chocolate,singleton,3,0,,800,,2008.74107693405,False,
30,09_detergent,singleton,1,0,,800,,3314.84128487813,False,
31,07_detergent,singleton,3,0,,800,,903.458964679223,False,
32,00_detergent,06_detergent,3,2,False,800,400,1099.96890728468,False,False
33,07_detergent,singleton,2,0,,800,,1707.64437154187,False,
34,03_detergent,singleton,3,0,,800,,1456.90243047323,False,
35,03_detergent,singleton,2,0,,800,,1362.11233415438,False,
36,00_detergent,02_detergent,3,3,True,800,400,4399.9577894708,False,False
37,00_detergent,02_detergent,2,3,False,800,400,3961.65527838231,False,True
38,01_detergent,singleton,3,0,,800,,4104.02463600773,True,
39,00_detergent,03_detergent,2,3,False,800,400,3047.91934593191,False,False
40,04_chocolate,singleton,1,0,,800,,1621.28558845905,False,
41,09_chocolate,singleton,1,0,,800,,3336.03849978703,False,
42,03_chocolate,singleton,2,0,,800,,3278.65590479639,False,
43,00_chocolate,03_chocolate,2,3,False,800,400,3687.55445543225,False,False
44,00_chocolate,01_chocolate,1,1,True,800,400,4660.6508856518,False,False
45,00_chocolate,02_chocolate,3,3,True,800,400,927.815719748011,False,False
46,00_chocolate,05_chocolate,3,2,False,800,400,2796.35448565472,False,False
47,02_chocolate,singleton,3,0,,800,,3453.432861107,False,
48,00_chocolate,02_chocolate,3,1,False,800,400,3268.87384734911,False,False
49,02_chocolate,singleton,1,0,,800,,2992.77191265381,False,
50,01_detergent,singleton,3,0,,800,,1059.51802685616,False,
51,01_detergent,singleton,3,0,,800,,2497.46665118831,False,
52,00_detergent,04_detergent,2,2,True,800,400,4970.04942446499,False,False
53,00_detergent,02_detergent,1,3,False,800,400,3197.27496411565,False,False
54,04_detergent,singleton,2,0,,800,,517.484727450359,False,
55,00_detergent,01_detergent,2,2,True,800,400,4683.9046928361,False,False
56,07_detergent,singleton,2,0,,800,,1741.80365995051,False,
57,08_detergent,singleton,2,0,,800,,3658.85101694022,False,
58,05_detergent,singleton,1,0,,800,,1554.64991472023,False,
59,00_detergent,01_detergent,3,1,False,800,400,2514.56628147835,False,False
60,00_chocolate,06_chocolate,2,3,False,800,400,619.122962093048,False,False
61,01_chocolate,singleton,1,0,,800,,4660.6508856518,False,
62,09_chocolate,singleton,2,0,,800,,1910.41000531085,False,
63,06_chocolate,singleton,2,0,,800,,3710.83350166896,True,
64,00_chocolate,09_chocolate,3,1,False,800,400,2449.01812652444,False,False
65,02_chocolate,singleton,1,0,,800,,603.822601025241,False,
66,09_chocolate,singleton,3,0,,800,,3451.15753164222,False,
67,07_chocolate,singleton,3,0,,800,,452.586842024476,False,
68,07_chocolate,singleton,2,0,,800,,1430.03230396596,False,
69,03_chocolate,singleton,1,0,,800,,551.835010636671,False,
70,08_detergent,singleton,3,0,,800,,2321.10547570062,False,
71,02_detergent,singleton,1,0,,800,,4123.26677302895,False,
72,02_detergent,singleton,2,0,,800,,2264.26566243532,False,
73,01_detergent,singleton,2,0,,800,,1577.99677943662,True,
74,08_detergent,singleton,1,0,,800,,2922.16932592047,False,
75,04_detergent,singleton,2,0,,800,,2702.51017657854,False,
76,00_detergent,01_detergent,2,3,False,800,400,3518.26338496532,False,True
77,09_detergent,singleton,1,0,,800,,2826.07767496766,False,
78,02_detergent,singleton,3,0,,800,,1566.53337413183,False,
79,09_detergent,singleton,2,0,,800,,4127.04506598183,False,
80,00_chocolate,03_chocolate,3,3,True,800,400,1463.59638116037,False,True
81,03_chocolate,singleton,2,0,,800,,2406.64068353616,False,
82,00_chocolate,03_chocolate,1,3,False,800,400,4595.65558885312,False,False
83,01_chocolate,singleton,2,0,,800,,4088.62874578987,False,
84,00_chocolate,04_chocolate,3,2,False,800,400,1571.44077027872,False,True
85,00_chocolate,06_chocolate,3,2,False,800,400,3594.88549059367,False,False
86,01_chocolate,singleton,2,0,,800,,4974.95601693369,False,
87,03_chocolate,singleton,3,0,,800,,4108.52782331169,False,
88,07_chocolate,singleton,1,0,,800,,3126.52220588547,False,
89,06_chocolate,singleton,3,0,,800,,1750.13573674859,False,
90,00_detergent,09_detergent,1,3,False,800,400,2561.67648335513,False,False
91,09_detergent,singleton,1,0,,800,,3535.65799214181,True,
92,00_detergent,05_detergent,3,1,False,800,400,4099.36495954273,False,False
93,09_detergent,singleton,1,0,,800,,3627.85619873298,False,
94,00_detergent,01_detergent,3,3,True,800,400,1947.58699495125,False,False
95,02_detergent,singleton,2,0,,800,,438.993394710918,False,
96,00_detergent,09_detergent,3,1,False,800,400,2500.79732746807,False,False
97,00_detergent,05_detergent,2,3,False,800,400,1837.26130958428,False,False
98,09_detergent,singleton,3,0,,800,,2500.79732746807,False,
99,05_detergent,singleton,3,0,,800,,1326.32732461084,True,
100,00_chocolate,07_chocolate,3,2,False,800,400,3982.41016684045,True,False
101,02_chocolate,singleton,1,0,,800,,668.390869872145,False,
102,00_chocolate,08_chocolate,1,3,False,800,400,2605.23753998566,False,False
103,03_chocolate,singleton,3,0,,800,,3751.275154886,False,
104,00_chocolate,06_chocolate,1,3,False,800,400,1019.05477973458,True,False
105,00_chocolate,04_chocolate,3,2,False,800,400,1790.08228309197,False,False
106,00_chocolate,08_chocolate,1,3,False,800,400,2953.71294750417,False,False
107,00_chocolate,08_chocolate,1,2,False,800,400,3684.70864000364,False,False
108,03_chocolate,singleton,3,0,,800,,4277.06224253565,False,
109,00_chocolate,07_chocolate,1,1,True,800,400,1872.80939456619,False,False
110,00_detergent,08_detergent,1,1,True,800,400,2884.37401613564,False,False
111,07_detergent,singleton,1,0,,800,,3555.57011384808,False,
112,09_detergent,singleton,1,0,,800,,533.608165738777,False,
113,00_detergent,06_detergent,2,3,False,800,400,2760.08872110049,False,False
114,00_detergent,07_detergent,1,3,False,800,400,1346.90139590824,False,True
115,07_detergent,singleton,2,0,,800,,3055.96113873349,False,
116,00_detergent,04_detergent,3,1,False,800,400,2813.83669378616,True,False
117,02_detergent,singleton,3,0,,800,,4385.07760327853,False,
118,00_detergent,03_detergent,1,3,False,800,400,946.134916132095,False,True
119,06_detergent,singleton,3,0,,800,,2882.79402153008,False,
120,02_chocolate,singleton,1,0,,800,,2158.20215137695,False,
121,06_chocolate,singleton,1,0,,800,,3436.99574045912,False,
122,00_chocolate,04_chocolate,3,2,False,800,400,4509.15748477273,True,False
123,00_chocolate,02_chocolate,1,2,False,800,400,4270.16685092106,False,False
124,00_chocolate,08_chocolate,3,3,True,800,400,4350.98084433362,False,False
125,00_chocolate,02_chocolate,2,1,False,800,400,1580.35400293373,False,False
126,00_chocolate,07_chocolate,1,1,True,800,400,3431.76404291188,False,False
127,08_chocolate,singleton,1,0,,800,,2047.06993972992,False,
128,00_chocolate,07_chocolate,2,1,False,800,400,4528.5439909796,False,False
129,05_chocolate,singleton,1,0,,800,,4226.67007230567,False,
130,06_detergent,singleton,1,0,,800,,2515.72058377803,False,
131,00_detergent,06_detergent,3,2,False,800,400,1085.21876303507,False,False
132,00_detergent,05_detergent,1,1,True,800,400,4317.82031907968,False,False
133,04_detergent,singleton,1,0,,800,,1318.44260086966,False,
134,00_detergent,07_detergent,2,1,False,800,400,4368.08904846869,False,False
135,03_detergent,singleton,2,0,,800,,927.888760126772,False,
136,00_detergent,09_detergent,2,2,True,800,400,1188.9794734076,False,False
137,00_detergent,02_detergent,3,2,False,800,400,4385.07760327853,False,False
138,07_detergent,singleton,3,0,,800,,3289.12985930916,False,
139,00_detergent,05_detergent,1,3,False,800,400,1554.64991472023,False,False
140,07_chocolate,singleton,3,0,,800,,4498.72777894142,False,
141,08_chocolate,singleton,3,0,,800,,4350.98084433362,False,
142,00_chocolate,01_chocolate,1,2,False,800,400,816.370114790059,False,False
143,05_chocolate,singleton,2,0,,800,,1116.15133318212,False,
144,00_chocolate,05_chocolate,2,3,False,800,400,4319.61992108349,False,False
145,00_chocolate,04_chocolate,2,3,False,800,400,3062.65707497052,False,False
146,07_chocolate,singleton,1,0,,800,,2093.64325409942,False,
147,00_chocolate,02_chocolate,1,2,False,800,400,2992.77191265381,False,False
148,00_chocolate,06_chocolate,1,1,True,800,400,3996.56696268341,False,False
149,08_chocolate,singleton,1,0,,800,,2953.71294750417,False,
150,04_detergent,singleton,1,0,,800,,4519.71239365944,False,
151,00_detergent,09_detergent,3,3,True,800,400,3592.71640570911,False,False
152,00_detergent,02_detergent,3,2,False,800,400,3141.76910619926,True,False
153,05_detergent,singleton,2,0,,800,,3102.73907003865,False,
154,00_detergent,07_detergent,3,3,True,800,400,903.458964679223,False,True
155,00_detergent,05_detergent,2,1,False,800,400,4792.23036300502,False,False
156,09_detergent,singleton,3,0,,800,,1810.03400652453,True,
157,00_detergent,03_detergent,2,3,False,800,400,3492.00759933829,False,False
158,00_detergent,04_detergent,3,3,True,800,400,2984.06449342635,False,False
159,06_detergent,singleton,2,0,,800,,557.130964760292,False,
160,09_chocolate,singleton,1,0,,800,,3454.16707847304,False,
161,00_chocolate,05_chocolate,2,2,True,800,400,860.967295789933,False,False
162,00_chocolate,02_chocolate,3,2,False,800,400,4710.1365175809,True,False
163,05_chocolate,singleton,3,0,,800,,1069.96666445339,False,
164,00_chocolate,09_chocolate,2,2,True,800,400,416.768606234302,False,False
165,00_chocolate,05_chocolate,1,2,False,800,400,502.688097571711,False,False
166,07_chocolate,singleton,2,0,,800,,4133.8860205431,True,
167,00_chocolate,02_chocolate,1,2,False,800,400,4794.16797924712,False,False
168,03_chocolate,singleton,1,0,,800,,3475.28370152998,False,
169,04_chocolate,singleton,3,0,,800,,4509.15748477273,False,
170,00_detergent,05_detergent,1,3,False,800,400,4042.68547545685,False,False
171,00_detergent,04_detergent,2,2,True,800,400,4225.05741369857,False,False
172,02_detergent,singleton,2,0,,800,,1817.24019923474,False,
173,00_detergent,01_detergent,2,2,True,800,400,4032.68043929415,False,False
174,00_detergent,04_detergent,2,1,False,800,400,1313.8379979622,False,False
175,03_detergent,singleton,2,0,,800,,954.942409946387,False,
176,00_detergent,03_detergent,2,1,False,800,400,927.888760126772,False,False
177,00_detergent,09_detergent,3,2,False,800,400,782.246717429903,False,False
178,08_detergent,singleton,2,0,,800,,4094.64615475218,False,
179,00_detergent,02_detergent,2,3,False,800,400,1727.7865669386,False,False
180,00_chocolate,03_chocolate,1,1,True,800,400,423.702538976969,False,False
181,06_chocolate,singleton,3,0,,800,,1542.66510605085,False,
182,09_chocolate,singleton,3,0,,800,,2449.01812652444,False,
183,00_chocolate,07_chocolate,2,3,False,800,400,4133.8860205431,True,False
184,00_chocolate,06_chocolate,1,3,False,800,400,3436.99574045912,True,False
185,00_chocolate,06_chocolate,2,1,False,800,400,2890.82208978433,False,False
186,06_chocolate,singleton,1,0,,800,,1019.05477973458,True,
187,03_chocolate,singleton,2,0,,800,,1834.47649339746,False,
188,00_chocolate,01_chocolate,3,1,False,800,400,4100.01287905902,False,True
189,04_chocolate,singleton,1,0,,800,,811.823308522959,False,
190,03_detergent,singleton,2,0,,800,,1462.53187511662,False,
191,00_detergent,08_detergent,3,1,False,800,400,1189.81083428961,False,False
192,09_detergent,singleton,3,0,,800,,3592.71640570911,False,
193,00_detergent,01_detergent,2,2,True,800,400,1577.99677943662,False,False
194,02_detergent,singleton,2,0,,800,,1727.7865669386,True,
195,00_detergent,09_detergent,1,1,True,800,400,796.575287237673,False,True
196,00_detergent,07_detergent,3,3,True,800,400,972.486883629967,False,True
197,09_detergent,singleton,2,0,,800,,543.790847053387,False,
198,02_detergent,singleton,2,0,,800,,3961.65527838231,False,
199,00_detergent,04_detergent,3,2,False,800,400,2074.3323293068,False,False
200,01_chocolate,singleton,1,0,,800,,4870.09606143395,True,
201,07_chocolate,singleton,3,0,,800,,1282.57651196708,False,
202,04_chocolate,singleton,3,0,,800,,1790.08228309197,False,
203,00_chocolate,07_chocolate,2,2,True,800,400,2469.71572039877,False,True
204,00_chocolate,02_chocolate,1,1,True,800,400,2446.87638249808,False,False
205,00_chocolate,02_chocolate,1,3,False,800,400,3310.61519654435,False,False
206,05_chocolate,singleton,3,0,,800,,1263.52100092374,False,
207,00_chocolate,08_chocolate,2,2,True,800,400,4706.35350284177,False,False
208,00_chocolate,03_chocolate,2,2,True,800,400,1834.47649339746,False,True
209,07_chocolate,singleton,3,0,,800,,2321.19484914483,False,
210,09_detergent,singleton,3,0,,800,,1953.36364965518,False,
211,03_detergent,singleton,3,0,,800,,3304.52638583279,False,
212,03_detergent,singleton,2,0,,800,,1701.19417089923,False,
213,04_detergent,singleton,3,0,,800,,3585.71286427972,False,
214,03_detergent,singleton,2,0,,800,,3516.36179891803,False,
215,04_detergent,singleton,3,0,,800,,633.702110193816,False,
216,03_detergent,singleton,2,0,,800,,3126.15102462143,False,
217,03_detergent,singleton,3,0,,800,,2225.0663236664,False,
218,06_detergent,singleton,2,0,,800,,3498.00000090842,False,
219,00_detergent,07_detergent,1,3,False,800,400,3555.57011384808,False,True
220,08_chocolate,singleton,3,0,,800,,3593.99871913108,False,
221,04_chocolate,singleton,2,0,,800,,1015.97102659389,True,
222,00_chocolate,03_chocolate,3,2,False,800,400,3165.09282880092,False,False
223,09_chocolate,singleton,1,0,,800,,4109.14928540586,False,
224,08_chocolate,singleton,1,0,,800,,3684.70864000364,False,
225,05_chocolate,singleton,2,0,,800,,3247.97216289109,False,
226,00_chocolate,08_chocolate,2,3,False,800,400,1024.3222843042,False,False
227,00_chocolate,08_chocolate,2,3,False,800,400,3164.48930786403,False,False
228,00_chocolate,09_chocolate,3,2,False,800,400,3376.85585153942,True,False
229,07_chocolate,singleton,3,0,,800,,1985.01893897761,False,
230,04_detergent,singleton,2,0,,800,,1462.82727672658,False,
231,00_detergent,01_detergent,2,3,False,800,400,3059.31467632717,True,False
232,00_detergent,08_detergent,1,2,False,800,400,2429.27062666416,False,False
233,01_detergent,singleton,3,0,,800,,1386.19847950073,False,
234,09_detergent,singleton,1,0,,800,,796.575287237673,False,
235,00_detergent,09_detergent,3,2,False,800,400,4993.67644843222,False,False
236,00_detergent,07_detergent,2,3,False,800,400,1741.80365995051,False,False
237,05_detergent,singleton,2,0,,800,,4792.23036300502,False,
238,04_detergent,singleton,2,0,,800,,4985.78154002007,False,
239,00_detergent,03_detergent,3,2,False,800,400,1508.46210798215,True,False
240,07_chocolate,singleton,3,0,,800,,1614.11326654284,False,
241,05_chocolate,singleton,2,0,,800,,4634.14784556812,False,
242,00_chocolate,05_chocolate,2,3,False,800,400,1699.78792511436,False,False
243,02_chocolate,singleton,3,0,,800,,822.181286540623,False,
244,00_chocolate,04_chocolate,3,1,False,800,400,779.435554802961,False,False
245,00_chocolate,05_chocolate,3,2,False,800,400,1069.96666445339,False,False
246,00_chocolate,07_chocolate,3,2,False,800,400,452.586842024476,False,False
247,00_chocolate,01_chocolate,2,1,False,800,400,547.811164605412,False,False
248,00_chocolate,01_chocolate,2,2,True,800,400,4799.54434465369,False,False
249,00_chocolate,06_chocolate,1,3,False,800,400,995.835010859262,False,False
250,00_detergent,06_detergent,2,1,False,800,400,2248.65516746044,False,False
251,00_detergent,03_detergent,2,1,False,800,400,954.942409946387,False,False
252,03_detergent,singleton,2,0,,800,,461.391053459163,False,
253,04_detergent,singleton,2,0,,800,,1313.8379979622,False,
254,00_detergent,05_detergent,3,3,True,800,400,3915.36963922952,False,False
255,00_detergent,07_detergent,2,1,False,800,400,1573.21936756983,False,False
256,00_detergent,01_detergent,3,1,False,800,400,4858.09153224471,False,False
257,03_detergent,singleton,2,0,,800,,1677.82151138166,False,
258,06_detergent,singleton,1,0,,800,,4498.85569647172,False,
259,05_detergent,singleton,3,0,,800,,2359.62361877844,True,
260,05_chocolate,singleton,2,0,,800,,860.967295789933,False,
261,06_chocolate,singleton,3,0,,800,,3594.88549059367,False,
262,00_chocolate,03_chocolate,1,2,False,800,400,3575.46665526956,False,False
263,08_chocolate,singleton,3,0,,800,,1236.61429066539,False,
264,06_chocolate,singleton,1,0,,800,,4920.44506583614,False,
265,08_chocolate,singleton,2,0,,800,,1024.3222843042,False,
266,00_chocolate,06_chocolate,3,1,False,800,400,895.636217777521,False,False
267,05_chocolate,singleton,1,0,,800,,3158.53207114763,False,
268,03_chocolate,singleton,3,0,,800,,1227.64431748296,False,
269,00_chocolate,07_chocolate,3,3,True,800,400,1742.6467977229,False,False
270,00_detergent,05_detergent,3,1,False,800,400,2411.08031327472,False,False
271,00_detergent,08_detergent,2,3,False,800,400,3658.85101694022,False,False
272,00_detergent,01_detergent,2,2,True,800,400,2684.00600410699,False,False
273,01_detergent,singleton,3,0,,800,,2514.56628147835,False,
274,00_detergent,01_detergent,2,3,False,800,400,4902.97361034683,False,False
275,00_detergent,08_detergent,1,1,True,800,400,3257.27924527392,False,False
276,00_detergent,05_detergent,2,3,False,800,400,3102.73907003865,False,False
277,00_detergent,06_detergent,3,1,False,800,400,2405.08432165911,False,False
278,00_detergent,06_detergent,1,3,False,800,400,2253.94914312018,False,True
279,00_detergent,09_detergent,1,2,False,800,400,3627.85619873298,False,False
280,00_chocolate,05_chocolate,2,1,False,800,400,3247.97216289109,False,False
281,00_chocolate,06_chocolate,2,3,False,800,400,3710.83350166896,True,False
282,01_chocolate,singleton,2,0,,800,,2505.93183269827,False,
283,00_chocolate,07_chocolate,2,1,False,800,400,540.553964240757,False,False
284,04_chocolate,singleton,3,0,,800,,3723.91815350805,False,
285,02_chocolate,singleton,3,0,,800,,4710.1365175809,True,
286,03_chocolate,singleton,3,0,,800,,1463.59638116037,False,
287,03_chocolate,singleton,1,0,,800,,3265.07964042018,False,
288,00_chocolate,02_chocolate,1,1,True,800,400,2158.20215137695,False,False
289,00_chocolate,08_chocolate,2,1,False,800,400,2357.97241205565,False,False
290,07_detergent,singleton,2,0,,800,,1613.12376088216,False,
291,00_detergent,08_detergent,1,1,True,800,400,3922.59097863588,False,False
292,00_detergent,04_detergent,3,3,True,800,400,1626.36028502256,False,False
293,00_detergent,08_detergent,1,1,True,800,400,1053.377621348,False,True
294,05_detergent,singleton,1,0,,800,,3518.45775987666,False,
295,00_detergent,08_detergent,1,3,False,800,400,725.660624664773,False,True
296,00_detergent,02_detergent,3,3,True,800,400,2786.95625714283,False,False
297,09_detergent,singleton,1,0,,800,,4998.03149565136,True,
298,04_detergent,singleton,2,0,,800,,4631.5673267707,False,
299,00_detergent,02_detergent,3,1,False,800,400,4201.97276506425,False,True
300,03_chocolate,singleton,2,0,,800,,416.46243755211,False,
301,02_chocolate,singleton,1,0,,800,,4270.16685092106,False,
302,00_chocolate,09_chocolate,1,3,False,800,400,3143.94730750074,False,False
303,00_chocolate,01_chocolate,3,1,False,800,400,3259.72082467172,False,False
304,07_chocolate,singleton,1,0,,800,,2758.29717417438,False,
305,03_chocolate,singleton,3,0,,800,,4919.85963576118,True,
306,00_chocolate,06_chocolate,3,3,True,800,400,2895.78143295969,False,False
307,00_chocolate,04_chocolate,2,1,False,800,400,2714.48726696111,True,False
308,04_chocolate,singleton,1,0,,800,,2787.9744473259,False,
309,00_chocolate,09_chocolate,3,2,False,800,400,3989.11705756426,False,False
310,07_detergent,singleton,3,0,,800,,4769.74203121232,False,
311,00_detergent,09_detergent,1,1,True,800,400,2826.07767496766,False,False
312,00_detergent,03_detergent,3,1,False,800,400,2429.68680517444,False,True
313,00_detergent,03_detergent,3,3,True,800,400,3895.49085902167,True,False
314,07_detergent,singleton,1,0,,800,,2859.79448068227,False,
315,00_detergent,07_detergent,1,1,True,800,400,4142.33967336833,False,False
316,03_detergent,singleton,3,0,,800,,2789.24396076166,False,
317,00_detergent,06_detergent,1,2,False,800,400,1153.99143436406,False,False
318,06_detergent,singleton,3,0,,800,,1272.0808730306,False,
319,02_detergent,singleton,2,0,,800,,2777.6752789659,False,
320,00_chocolate,05_chocolate,1,2,False,800,400,3485.67559602287,False,True
321,00_chocolate,01_chocolate,2,2,True,800,400,4974.95601693369,True,False
322,07_chocolate,singleton,1,0,,800,,1872.80939456619,False,
323,04_chocolate,singleton,2,0,,800,,1553.13023000346,False,
324,08_chocolate,singleton,3,0,,800,,1991.00648787917,False,
325,06_chocolate,singleton,1,0,,800,,3707.59430828554,False,
326,04_chocolate,singleton,3,0,,800,,2438.42116515263,False,
327,08_chocolate,singleton,2,0,,800,,2334.97575140959,False,
328,07_chocolate,singleton,3,0,,800,,2382.4392500432,False,
329,00_chocolate,03_chocolate,1,3,False,800,400,4302.96265524131,True,False
330,00_detergent,04_detergent,3,3,True,800,400,2647.3827616759,False,False
331,00_detergent,02_detergent,2,2,True,800,400,1126.79465261711,False,False
332,01_detergent,singleton,3,0,,800,,4162.9618174178,False,
333,03_detergent,singleton,2,0,,800,,3047.91934593191,False,
334,00_detergent,04_detergent,1,1,True,800,400,1318.44260086966,False,True
335,00_detergent,04_detergent,3,1,False,800,400,4049.59575484455,False,True
336,04_detergent,singleton,3,0,,800,,4049.59575484455,True,
337,07_detergent,singleton,1,0,,800,,1763.00471358292,False,
338,06_detergent,singleton,3,0,,800,,1775.07569802595,False,
339,00_detergent,09_detergent,2,3,False,800,400,543.790847053387,False,False
340,06_chocolate,singleton,1,0,,800,,3562.08421804232,False,
341,07_chocolate,singleton,2,0,,800,,540.553964240757,False,
342,00_chocolate,09_chocolate,1,1,True,800,400,2342.76044553933,False,False
343,09_chocolate,singleton,1,0,,800,,2342.76044553933,False,
344,06_chocolate,singleton,2,0,,800,,954.919460533107,False,
345,02_chocolate,singleton,1,0,,800,,2446.87638249808,False,
346,00_chocolate,07_chocolate,2,2,True,800,400,1789.33700544055,False,False
347,00_chocolate,06_chocolate,1,3,False,800,400,3707.59430828554,False,False
348,00_chocolate,03_chocolate,2,1,False,800,400,3278.65590479639,False,False
349,00_chocolate,07_chocolate,3,3,True,800,400,1614.11326654284,False,True
350,06_detergent,singleton,2,0,,800,,2760.08872110049,False,
351,03_detergent,singleton,1,0,,800,,4995.61412303116,False,
352,00_detergent,03_detergent,1,1,True,800,400,478.006047530875,False,False
353,00_detergent,06_detergent,3,1,False,800,400,3060.96318013936,False,False
354,08_detergent,singleton,2,0,,800,,4920.78142376406,False,
355,00_detergent,05_detergent,1,3,False,800,400,1569.85996044628,False,True
356,00_detergent,07_detergent,3,3,True,800,400,3268.09617225161,False,False
357,00_detergent,01_detergent,3,2,False,800,400,2497.46665118831,False,True
358,00_detergent,07_detergent,2,1,False,800,400,1613.12376088216,False,False
359,06_detergent,singleton,1,0,,800,,1415.21784232776,False,
360,03_chocolate,singleton,1,0,,800,,2381.21776616198,False,
361,07_chocolate,singleton,2,0,,800,,2469.71572039877,False,
362,00_chocolate,08_chocolate,3,2,False,800,400,3593.99871913108,False,False
363,04_chocolate,singleton,2,0,,800,,3864.23632931681,False,
364,01_chocolate,singleton,1,0,,800,,1506.7456971532,True,
365,08_chocolate,singleton,3,0,,800,,2467.5740748777,False,
366,00_chocolate,04_chocolate,2,1,False,800,400,3864.23632931681,False,True
367,01_chocolate,singleton,1,0,,800,,4914.24548278372,False,
368,00_chocolate,01_chocolate,2,3,False,800,400,3280.73286167969,False,False
369,00_chocolate,03_chocolate,3,1,False,800,400,1227.64431748296,False,False
370,07_detergent,singleton,1,0,,800,,1346.90139590824,True,
371,07_detergent,singleton,3,0,,800,,972.486883629967,False,
372,00_detergent,07_detergent,1,1,True,800,400,3428.2257611653,False,False
373,00_detergent,04_detergent,1,2,False,800,400,2923.78834211136,True,False
374,00_detergent,09_detergent,1,2,False,800,400,3314.84128487813,False,False
375,00_detergent,08_detergent,3,2,False,800,400,4164.58389982905,False,False
376,00_detergent,06_detergent,2,2,True,800,400,3498.00000090842,True,False
377,01_detergent,singleton,2,0,,800,,2684.00600410699,False,
378,00_detergent,02_detergent,2,3,False,800,400,438.993394710918,False,False
379,01_detergent,singleton,2,0,,800,,2933.81571874393,False,
380,01_chocolate,singleton,2,0,,800,,4162.30014608556,False,
381,08_chocolate,singleton,3,0,,800,,590.077951204688,False,
382,05_chocolate,singleton,1,0,,800,,2862.09152736112,False,
383,00_chocolate,05_chocolate,2,1,False,800,400,1116.15133318212,False,False
384,06_chocolate,singleton,2,0,,800,,2728.9085999241,False,
385,05_chocolate,singleton,2,0,,800,,1182.16695044314,False,
386,00_chocolate,09_chocolate,3,1,False,800,400,3822.42869568989,False,False
387,00_chocolate,06_chocolate,1,1,True,800,400,3562.08421804232,False,False
388,00_chocolate,07_chocolate,3,1,False,800,400,4573.02081858949,False,False
389,07_chocolate,singleton,3,0,,800,,1742.6467977229,False,
390,00_detergent,04_detergent,1,3,False,800,400,3408.22442487119,False,False
391,00_detergent,03_detergent,2,3,False,800,400,3516.36179891803,False,False
392,06_detergent,singleton,3,0,,800,,1099.96890728468,False,
393,01_detergent,singleton,2,0,,800,,2206.57779719577,False,
394,05_detergent,singleton,1,0,,800,,4042.68547545685,False,
395,04_detergent,singleton,3,0,,800,,2813.83669378616,False,
396,08_detergent,singleton,2,0,,800,,3195.00428285958,False,
397,06_detergent,singleton,3,0,,800,,1278.15376674589,False,
398,00_detergent,08_detergent,2,2,True,800,400,3195.00428285958,False,False
399,00_detergent,08_detergent,2,2,True,800,400,4094.64615475218,False,False
400,00_chocolate,07_chocolate,3,2,False,800,400,728.825273164277,False,False
401,00_chocolate,03_chocolate,1,3,False,800,400,3942.21243545827,False,False
402,00_chocolate,06_chocolate,1,3,False,800,400,1066.94528619763,False,False
403,02_chocolate,singleton,3,0,,800,,4891.43757238236,False,
404,00_chocolate,01_chocolate,2,1,False,800,400,3548.46212726576,False,False
405,00_chocolate,09_chocolate,2,1,False,800,400,4271.00711647923,False,True
406,04_chocolate,singleton,2,0,,800,,3062.65707497052,False,
407,05_chocolate,singleton,1,0,,800,,1540.344600524,False,
408,02_chocolate,singleton,3,0,,800,,927.815719748011,False,
409,00_chocolate,08_chocolate,3,2,False,800,400,4045.48425048215,False,False
410,08_detergent,singleton,3,0,,800,,4164.58389982905,False,
411,00_detergent,08_detergent,2,2,True,800,400,4906.58863781046,False,False
412,00_detergent,09_detergent,3,3,True,800,400,1810.03400652453,False,False
413,00_detergent,06_detergent,2,2,True,800,400,2985.70573547166,True,False
414,00_detergent,04_detergent,1,2,False,800,400,4519.71239365944,False,False
415,00_detergent,08_detergent,2,3,False,800,400,2359.94240462488,True,False
416,04_detergent,singleton,3,0,,800,,2647.3827616759,False,
417,00_detergent,01_detergent,2,1,False,800,400,2933.81571874393,False,False
418,02_detergent,singleton,1,0,,800,,4926.53746506224,True,
419,00_detergent,01_detergent,3,1,False,800,400,1059.51802685616,False,False
420,00_chocolate,06_chocolate,1,1,True,800,400,4920.44506583614,False,False
421,00_chocolate,01_chocolate,2,2,True,800,400,4088.62874578987,False,False
422,02_chocolate,singleton,1,0,,800,,4794.16797924712,False,
423,09_chocolate,singleton,1,0,,800,,1806.15228687882,False,
424,01_chocolate,singleton,2,0,,800,,3548.46212726576,False,
425,03_chocolate,singleton,2,0,,800,,4932.55168795255,False,
426,00_chocolate,01_chocolate,3,1,False,800,400,1992.5729405473,False,False
427,07_chocolate,singleton,1,0,,800,,3365.12584010776,False,
428,02_chocolate,singleton,3,0,,800,,4974.82632142796,False,
429,06_chocolate,singleton,2,0,,800,,3901.12879820112,False,
430,01_detergent,singleton,3,0,,800,,3249.81136624433,False,
431,08_detergent,singleton,2,0,,800,,4212.0652357866,False,
432,00_detergent,06_detergent,1,2,False,800,400,3621.5198717449,False,False
433,00_detergent,04_detergent,2,3,False,800,400,4487.24840621874,True,False
434,00_detergent,05_detergent,3,1,False,800,400,4533.36896666708,False,False
435,08_detergent,singleton,3,0,,800,,4807.63589321968,False,
436,08_detergent,singleton,2,0,,800,,4611.22912468875,False,
437,00_detergent,01_detergent,3,2,False,800,400,3890.12082683545,False,False
438,06_detergent,singleton,2,0,,800,,4368.00188200888,False,
439,02_detergent,singleton,1,0,,800,,3580.0743241435,False,
440,00_chocolate,04_chocolate,2,3,False,800,400,4832.0215276777,True,False
441,02_chocolate,singleton,2,0,,800,,4956.73006373282,False,
442,09_chocolate,singleton,3,0,,800,,440.457527403429,True,
443,09_chocolate,singleton,3,0,,800,,2640.8396262051,False,
444,00_chocolate,01_chocolate,2,3,False,800,400,2505.93183269827,False,False
445,09_chocolate,singleton,3,0,,800,,630.267073414442,True,
446,09_chocolate,singleton,3,0,,800,,542.502854909633,False,
447,00_chocolate,07_chocolate,3,2,False,800,400,4498.72777894142,False,False
448,06_chocolate,singleton,1,0,,800,,3996.56696268341,False,
449,00_chocolate,09_chocolate,2,2,True,800,400,2087.12783876963,False,False
450,09_detergent,singleton,3,0,,800,,4993.67644843222,True,
451,05_detergent,singleton,1,0,,800,,4204.70136561268,False,
452,03_detergent,singleton,1,0,,800,,4601.00448739741,False,
453,00_detergent,08_detergent,2,3,False,800,400,4212.0652357866,False,False
454,03_detergent,singleton,1,0,,800,,478.006047530875,False,
455,00_detergent,08_detergent,3,1,False,800,400,4807.63589321968,False,False
456,00_detergent,06_detergent,3,3,True,800,400,1278.15376674589,False,False
457,01_detergent,singleton,2,0,,800,,4032.68043929415,False,
458,00_detergent,02_detergent,2,2,True,800,400,1817.24019923474,False,True
459,07_detergent,singleton,1,0,,800,,3428.2257611653,True,
460,04_chocolate,singleton,2,0,,800,,2714.48726696111,False,
461,03_chocolate,singleton,1,0,,800,,3575.46665526956,False,
462,00_chocolate,02_chocolate,2,1,False,800,400,2887.20251148814,False,True
463,00_chocolate,03_chocolate,2,2,True,800,400,4932.55168795255,False,False
464,00_chocolate,08_chocolate,3,3,True,800,400,3409.77077739183,False,True
465,00_chocolate,07_chocolate,1,3,False,800,400,4189.97352277361,False,False
466,06_chocolate,singleton,2,0,,800,,619.122962093048,False,
467,03_chocolate,singleton,1,0,,800,,4302.96265524131,False,
468,01_chocolate,singleton,1,0,,800,,816.370114790059,False,
469,05_chocolate,singleton,1,0,,800,,502.688097571711,False,
470,00_detergent,02_detergent,2,1,False,800,400,2777.6752789659,False,False
471,00_detergent,04_detergent,1,3,False,800,400,3758.87473078908,False,False
472,01_detergent,singleton,2,0,,800,,4683.9046928361,False,
473,00_detergent,04_detergent,2,2,True,800,400,3969.71248154017,False,False
474,00_detergent,02_detergent,1,2,False,800,400,3016.64794721344,False,False
475,00_detergent,08_detergent,2,3,False,800,400,1927.20475698315,False,False
476,09_detergent,singleton,3,0,,800,,4910.88134047832,False,
477,09_detergent,singleton,3,0,,800,,782.246717429903,False,
478,09_detergent,singleton,1,0,,800,,2561.67648335513,True,
479,00_detergent,01_detergent,2,3,False,800,400,2206.57779719577,False,False
480,03_chocolate,singleton,3,0,,800,,4519.02721893218,False,
481,00_chocolate,01_chocolate,3,2,False,800,400,1075.6161960899,False,False
482,00_chocolate,07_chocolate,3,1,False,800,400,2382.4392500432,False,False
483,07_chocolate,singleton,3,0,,800,,3982.41016684045,False,
484,00_chocolate,01_chocolate,1,1,True,800,400,1072.94311587151,False,False
485,00_chocolate,02_chocolate,3,3,True,800,400,3453.432861107,False,False
486,00_chocolate,04_chocolate,1,3,False,800,400,1617.47572595869,False,False
487,00_chocolate,06_chocolate,2,2,True,800,400,954.919460533107,True,False
488,00_chocolate,08_chocolate,3,1,False,800,400,754.497548198898,False,False
489,07_chocolate,singleton,1,0,,800,,3431.76404291188,False,
490,00_detergent,03_detergent,2,1,False,800,400,1462.53187511662,True,False
491,00_detergent,07_detergent,2,2,True,800,400,3812.1051353697,False,False
492,00_detergent,06_detergent,3,3,True,800,400,1272.0808730306,True,False
493,00_detergent,09_detergent,2,2,True,800,400,4127.04506598183,False,True
494,09_detergent,singleton,3,0,,800,,4534.48994119886,False,
495,00_detergent,09_detergent,3,3,True,800,400,4910.88134047832,False,False
496,00_detergent,07_detergent,2,2,True,800,400,3055.96113873349,True,False
497,03_detergent,singleton,2,0,,800,,3614.24572871188,False,
498,02_detergent,singleton,3,0,,800,,4900.38835357625,False,
499,00_detergent,01_detergent,3,1,False,800,400,3067.02197629544,False,False
500,00_chocolate,04_chocolate,3,3,True,800,400,3052.7027471935,False,False
501,00_chocolate,05_chocolate,1,2,False,800,400,4226.67007230567,False,False
502,04_chocolate,singleton,3,0,,800,,1546.46319820991,False,
503,00_chocolate,03_chocolate,3,3,True,800,400,4919.85963576118,True,False
504,03_chocolate,singleton,2,0,,800,,3687.55445543225,True,
505,03_chocolate,singleton,2,0,,800,,1032.74039593636,False,
506,00_chocolate,02_chocolate,1,1,True,800,400,668.390869872145,False,False
507,00_chocolate,05_chocolate,1,1,True,800,400,2521.13481672195,False,False
508,08_chocolate,singleton,1,0,,800,,2605.23753998566,False,
509,00_chocolate,01_chocolate,2,2,True,800,400,4677.7737412107,False,False
510,03_detergent,singleton,2,0,,800,,4045.50242288743,False,
511,00_detergent,02_detergent,1,3,False,800,400,894.38272526693,False,False
512,00_detergent,07_detergent,3,1,False,800,400,3614.6823967368,False,False
513,05_detergent,singleton,2,0,,800,,2821.18116446312,True,
514,01_detergent,singleton,2,0,,800,,4902.97361034683,False,
515,09_detergent,singleton,3,0,,800,,1885.91435482691,False,
516,09_detergent,singleton,3,0,,800,,2835.68023054931,False,
517,04_detergent,singleton,3,0,,800,,2074.3323293068,False,
518,03_detergent,singleton,3,0,,800,,4440.45923676414,False,
519,00_detergent,01_detergent,3,2,False,800,400,2563.55524434553,False,True
520,02_chocolate,singleton,2,0,,800,,4571.07931308018,False,
521,00_chocolate,06_chocolate,3,2,False,800,400,1750.13573674859,False,False
522,00_chocolate,04_chocolate,1,3,False,800,400,1131.73305714485,False,True
523,00_chocolate,07_chocolate,3,3,True,800,400,1282.57651196708,False,False
524,00_chocolate,05_chocolate,1,3,False,800,400,1540.344600524,False,False
525,00_chocolate,06_chocolate,3,2,False,800,400,1542.66510605085,False,False
526,00_chocolate,05_chocolate,2,1,False,800,400,4634.14784556812,True,False
527,00_chocolate,04_chocolate,1,2,False,800,400,3124.96649137582,True,False
528,00_chocolate,03_chocolate,3,2,False,800,400,4519.02721893218,False,False
529,00_chocolate,02_chocolate,2,2,True,800,400,4571.07931308018,False,False
530,00_detergent,03_detergent,2,2,True,800,400,1677.82151138166,False,False
531,00_detergent,09_detergent,1,3,False,800,400,4998.03149565136,False,False
532,00_detergent,08_detergent,3,2,False,800,400,2321.10547570062,False,False
533,08_detergent,singleton,1,0,,800,,1053.377621348,False,
534,00_detergent,09_detergent,1,3,False,800,400,1389.02936494827,False,False
535,07_detergent,singleton,1,0,,800,,4142.33967336833,False,
536,00_detergent,04_detergent,1,3,False,800,400,2078.91939627077,False,False
537,00_detergent,09_detergent,1,2,False,800,400,2720.36387210194,False,False
538,00_detergent,08_detergent,2,2,True,800,400,3648.22836156896,False,False
539,00_detergent,01_detergent,3,3,True,800,400,4162.9618174178,False,False
540,00_chocolate,02_chocolate,3,2,False,800,400,4891.43757238236,False,False
541,08_chocolate,singleton,2,0,,800,,3164.48930786403,False,
542,09_chocolate,singleton,2,0,,800,,4271.00711647923,False,
543,08_chocolate,singleton,2,0,,800,,2416.0109767467,True,
544,07_chocolate,singleton,3,0,,800,,728.825273164277,False,
545,00_chocolate,01_chocolate,3,1,False,800,400,1140.65965694635,True,False
546,01_chocolate,singleton,1,0,,800,,1072.94311587151,False,
547,00_chocolate,05_chocolate,1,1,True,800,400,4554.6377360614,False,False
548,00_chocolate,05_chocolate,3,2,False,800,400,1263.52100092374,False,True
549,05_chocolate,singleton,2,0,,800,,1204.51406687614,False,
550,07_detergent,singleton,2,0,,800,,4988.06736637048,False,
551,08_detergent,singleton,3,0,,800,,3775.47363130768,False,
552,00_detergent,07_detergent,2,2,True,800,400,4307.34050530488,True,False
553,00_detergent,09_detergent,3,2,False,800,400,1808.34721005107,False,False
554,00_detergent,07_detergent,1,2,False,800,400,1763.00471358292,False,False
555,00_detergent,02_detergent,1,3,False,800,400,4123.26677302895,False,False
556,00_detergent,05_detergent,2,3,False,800,400,2821.18116446312,False,False
557,00_detergent,08_detergent,2,1,False,800,400,4611.22912468875,False,False
558,00_detergent,03_detergent,3,3,True,800,400,4440.45923676414,False,False
559,00_detergent,02_detergent,3,1,False,800,400,1566.53337413183,False,False
560,00_chocolate,06_chocolate,2,3,False,800,400,4004.03590408158,True,False
561,00_chocolate,05_chocolate,3,1,False,800,400,4974.27707915993,False,False
562,00_chocolate,03_chocolate,1,2,False,800,400,3265.07964042018,True,False
563,03_chocolate,singleton,1,0,,800,,4595.65558885312,False,
564,00_chocolate,03_chocolate,1,1,True,800,400,2381.21776616198,False,True
565,00_chocolate,08_chocolate,2,1,False,800,400,4049.17655216248,False,False
566,00_chocolate,09_chocolate,3,1,False,800,400,2630.84621628115,True,False
567,00_chocolate,03_chocolate,3,3,True,800,400,4277.06224253565,False,False
568,00_chocolate,01_chocolate,1,2,False,800,400,4870.09606143395,False,False
569,00_chocolate,06_chocolate,1,3,False,800,400,576.551613150089,False,False
570,05_detergent,singleton,1,0,,800,,3856.60705587831,False,
571,05_detergent,singleton,3,0,,800,,2581.28354076972,True,
572,00_detergent,01_detergent,3,2,False,800,400,1621.17596860917,False,False
573,00_detergent,04_detergent,3,3,True,800,400,633.702110193816,False,False
574,00_detergent,09_detergent,3,1,False,800,400,4534.48994119886,False,False
575,09_detergent,singleton,2,0,,800,,1188.9794734076,False,
576,02_detergent,singleton,2,0,,800,,2781.70692719748,False,
577,00_detergent,07_detergent,2,3,False,800,400,4988.06736637048,False,False
578,05_detergent,singleton,2,0,,800,,906.691972938508,False,
579,01_detergent,singleton,3,0,,800,,1248.69844631656,False,
580,00_chocolate,07_chocolate,1,3,False,800,400,3126.52220588547,False,False
581,00_chocolate,09_chocolate,3,2,False,800,400,674.748418643714,False,False
582,00_chocolate,02_chocolate,2,3,False,800,400,4956.73006373282,False,False
583,05_chocolate,singleton,3,0,,800,,2796.35448565472,False,
584,00_chocolate,07_chocolate,1,3,False,800,400,2758.29717417438,False,False
585,00_chocolate,08_chocolate,2,2,True,800,400,2334.97575140959,True,False
586,00_chocolate,01_chocolate,1,3,False,800,400,882.005208276664,False,False
587,02_chocolate,singleton,2,0,,800,,594.988491940602,False,
588,00_chocolate,08_chocolate,3,2,False,800,400,590.077951204688,False,True
589,02_chocolate,singleton,3,0,,800,,1618.22770236951,False,
590,09_detergent,singleton,3,0,,800,,1808.34721005107,False,
591,04_detergent,singleton,2,0,,800,,4970.04942446499,False,
592,00_detergent,06_detergent,3,2,False,800,400,1775.07569802595,False,False
593,00_detergent,07_detergent,3,3,True,800,400,3289.12985930916,False,False
594,08_detergent,singleton,1,0,,800,,2884.37401613564,False,
595,03_detergent,singleton,2,0,,800,,3492.00759933829,False,
596,02_detergent,singleton,2,0,,800,,2364.14836343845,False,
597,08_detergent,singleton,2,0,,800,,3648.22836156896,False,
598,00_detergent,01_detergent,3,3,True,800,400,3249.81136624433,False,False
599,00_detergent,01_detergent,2,3,False,800,400,3328.07988075672,False,False
600,09_chocolate,singleton,2,0,,800,,3185.14285870178,True,
601,00_chocolate,06_chocolate,2,3,False,800,400,2728.9085999241,False,False
602,06_chocolate,singleton,1,0,,800,,576.551613150089,False,
603,05_chocolate,singleton,2,0,,800,,4764.59199813276,False,
604,00_chocolate,02_chocolate,2,1,False,800,400,535.55656030551,False,False
605,00_chocolate,05_chocolate,1,1,True,800,400,2862.09152736112,False,True
606,00_chocolate,08_chocolate,3,1,False,800,400,2467.5740748777,False,False
607,00_chocolate,07_chocolate,3,1,False,800,400,3868.9610885261,False,False
608,07_chocolate,singleton,1,0,,800,,4189.97352277361,False,
609,08_chocolate,singleton,3,0,,800,,1100.48452768503,False,
610,05_detergent,singleton,3,0,,800,,613.031136594632,True,
611,02_detergent,singleton,3,0,,800,,2139.32213163562,False,
612,04_detergent,singleton,3,0,,800,,2767.84510925562,False,
613,00_detergent,03_detergent,2,2,True,800,400,4045.50242288743,False,False
614,09_detergent,singleton,1,0,,800,,1389.02936494827,False,
615,00_detergent,06_detergent,2,1,False,800,400,2298.47796724956,True,False
616,01_detergent,singleton,3,0,,800,,4858.09153224471,False,
617,00_detergent,09_detergent,3,2,False,800,400,1885.91435482691,False,False
618,05_detergent,singleton,3,0,,800,,3004.13430271122,False,
619,00_detergent,07_detergent,1,2,False,800,400,2859.79448068227,True,False
620,00_chocolate,03_chocolate,1,1,True,800,400,551.835010636671,False,False
621,00_chocolate,04_chocolate,3,3,True,800,400,4587.82557277233,False,False
622,01_chocolate,singleton,3,0,,800,,1140.65965694635,False,
623,00_chocolate,06_chocolate,3,1,False,800,400,823.341274655243,False,True
624,00_chocolate,04_chocolate,3,3,True,800,400,1546.46319820991,False,False
625,00_chocolate,05_chocolate,2,2,True,800,400,4448.99669651395,False,True
626,03_chocolate,singleton,1,0,,800,,498.893343942053,False,
627,05_chocolate,singleton,3,0,,800,,1758.86879790655,False,
628,08_chocolate,singleton,3,0,,800,,2319.24927265288,False,
629,00_chocolate,09_chocolate,3,2,False,800,400,630.267073414442,False,False
630,09_detergent,singleton,2,0,,800,,4828.85581085752,True,
631,06_detergent,singleton,2,0,,800,,2298.47796724956,False,
632,00_detergent,08_detergent,2,3,False,800,400,627.500523736744,False,False
633,00_detergent,05_detergent,3,3,True,800,400,3004.13430271122,False,False
634,00_detergent,03_detergent,3,2,False,800,400,1456.90243047323,False,False
635,07_detergent,singleton,3,0,,800,,4500.0971288294,False,
636,05_detergent,singleton,1,0,,800,,1812.06802858798,False,
637,00_detergent,08_detergent,2,3,False,800,400,587.398826515622,False,False
638,00_detergent,09_detergent,2,1,False,800,400,4828.85581085752,False,False
639,00_detergent,04_detergent,3,2,False,800,400,2767.84510925562,False,False
640,02_chocolate,singleton,3,0,,800,,3268.87384734911,False,
641,03_chocolate,singleton,1,0,,800,,3942.21243545827,False,
642,00_chocolate,09_chocolate,3,3,True,800,400,1866.68013866032,False,False
643,00_chocolate,07_chocolate,2,1,False,800,400,690.48574529058,False,False
644,00_chocolate,09_chocolate,2,2,True,800,400,2119.70616556242,False,False
645,04_chocolate,singleton,1,0,,800,,1131.73305714485,False,
646,00_chocolate,02_chocolate,3,1,False,800,400,1618.22770236951,False,False
647,06_chocolate,singleton,2,0,,800,,757.906103616576,False,
648,09_chocolate,singleton,3,0,,800,,674.748418643714,False,
649,01_chocolate,singleton,2,0,,800,,2617.57398931343,False,
650,04_detergent,singleton,1,0,,800,,2923.78834211136,False,
651,00_detergent,03_detergent,2,2,True,800,400,461.391053459163,False,False
652,01_detergent,singleton,2,0,,800,,3059.31467632717,False,
653,07_detergent,singleton,2,0,,800,,2375.92309753698,False,
654,02_detergent,singleton,1,0,,800,,894.38272526693,False,
655,04_detergent,singleton,2,0,,800,,4601.87830806165,False,
656,06_detergent,singleton,3,0,,800,,1085.21876303507,False,
657,05_detergent,singleton,1,0,,800,,4317.82031907968,False,
658,06_detergent,singleton,3,0,,800,,3060.96318013936,False,
659,00_detergent,04_detergent,3,2,False,800,400,3585.71286427972,False,False
660,00_chocolate,05_chocolate,2,3,False,800,400,4764.59199813276,False,False
661,08_chocolate,singleton,2,0,,800,,2357.97241205565,False,
662,09_chocolate,singleton,3,0,,800,,2630.84621628115,False,
663,04_chocolate,singleton,1,0,,800,,1222.59763307852,False,
664,00_chocolate,09_chocolate,3,3,True,800,400,2640.8396262051,False,False
665,08_chocolate,singleton,1,0,,800,,2911.18866467021,False,
666,09_chocolate,singleton,3,0,,800,,4614.36005304734,False,
667,00_chocolate,06_chocolate,1,2,False,800,400,1592.62853088887,False,False
668,00_chocolate,02_chocolate,2,3,False,800,400,594.988491940602,False,False
669,08_chocolate,singleton,2,0,,800,,4706.35350284177,False,
670,06_detergent,singleton,2,0,,800,,2248.65516746044,False,
671,05_detergent,singleton,1,0,,800,,1569.85996044628,False,
672,07_detergent,singleton,2,0,,800,,1573.21936756983,False,
673,00_detergent,03_detergent,2,2,True,800,400,1701.19417089923,False,False
674,00_detergent,02_detergent,3,3,True,800,400,3994.32553556757,False,False
675,05_detergent,singleton,3,0,,800,,3915.36963922952,False,
676,03_detergent,singleton,1,0,,800,,946.134916132095,False,
677,08_detergent,singleton,2,0,,800,,2359.94240462488,False,
678,00_detergent,06_detergent,3,2,False,800,400,1559.12391736245,False,False
679,01_detergent,singleton,3,0,,800,,2281.55599435955,False,
680,00_chocolate,06_chocolate,2,2,True,800,400,4944.94063842922,False,False
681,01_chocolate,singleton,3,0,,800,,3259.72082467172,False,
682,05_chocolate,singleton,1,0,,800,,4554.6377360614,False,
683,08_chocolate,singleton,3,0,,800,,754.497548198898,False,
684,00_chocolate,09_chocolate,3,1,False,800,400,3451.15753164222,False,False
685,01_chocolate,singleton,3,0,,800,,1075.6161960899,False,
686,09_chocolate,singleton,3,0,,800,,3989.11705756426,False,
687,04_chocolate,singleton,3,0,,800,,4340.1328792886,False,
688,01_chocolate,singleton,3,0,,800,,4100.01287905902,False,
689,00_chocolate,02_chocolate,1,3,False,800,400,603.822601025241,False,False
690,08_detergent,singleton,1,0,,800,,2429.27062666416,False,
691,00_detergent,09_detergent,1,2,False,800,400,4776.96348679707,False,True
692,04_detergent,singleton,2,0,,800,,4487.24840621874,False,
693,03_detergent,singleton,2,0,,800,,3586.01207232802,False,
694,00_detergent,03_detergent,2,2,True,800,400,3126.15102462143,False,False
695,06_detergent,singleton,1,0,,800,,2253.94914312018,False,
696,02_detergent,singleton,3,0,,800,,2786.95625714283,True,
697,00_detergent,08_detergent,1,3,False,800,400,4726.6980945951,False,False
698,00_detergent,08_detergent,2,2,True,800,400,2357.99666665661,False,False
699,02_detergent,singleton,2,0,,800,,1126.79465261711,False,
700,00_chocolate,03_chocolate,2,1,False,800,400,416.46243755211,False,False
701,00_chocolate,06_chocolate,2,3,False,800,400,3901.12879820112,False,False
702,02_chocolate,singleton,2,0,,800,,535.55656030551,False,
703,09_chocolate,singleton,2,0,,800,,416.768606234302,False,
704,03_chocolate,singleton,3,0,,800,,3165.09282880092,False,
705,06_chocolate,singleton,1,0,,800,,995.835010859262,False,
706,05_chocolate,singleton,3,0,,800,,3864.24348342188,False,
707,05_chocolate,singleton,1,0,,800,,3485.67559602287,False,
708,04_chocolate,singleton,3,0,,800,,1571.44077027872,False,
709,00_chocolate,08_chocolate,3,3,True,800,400,1100.48452768503,True,False
710,03_detergent,singleton,3,0,,800,,2429.68680517444,False,
711,07_detergent,singleton,1,0,,800,,1124.67211217618,False,
712,00_detergent,02_detergent,3,1,False,800,400,4900.38835357625,False,False
713,00_detergent,01_detergent,3,1,False,800,400,1984.25919404112,False,False
714,00_detergent,02_detergent,3,2,False,800,400,1155.97013293716,True,False
715,00_detergent,06_detergent,3,3,True,800,400,1406.49882387673,False,True
716,00_detergent,07_detergent,1,2,False,800,400,966.419506101721,False,False
717,00_detergent,05_detergent,2,1,False,800,400,4642.97648889798,False,False
718,00_detergent,07_detergent,2,3,False,800,400,1707.64437154187,False,False
719,02_detergent,singleton,3,0,,800,,4201.97276506425,False,
720,00_chocolate,05_chocolate,1,1,True,800,400,1462.10872547645,False,False
721,05_chocolate,singleton,1,0,,800,,1462.10872547645,False,
722,01_chocolate,singleton,3,0,,800,,1992.5729405473,False,
723,00_chocolate,01_chocolate,2,2,True,800,400,2617.57398931343,True,False
724,00_chocolate,07_chocolate,3,2,False,800,400,1985.01893897761,True,False
725,06_chocolate,singleton,2,0,,800,,2890.82208978433,False,
726,09_chocolate,singleton,1,0,,800,,3143.94730750074,True,
727,06_chocolate,singleton,1,0,,800,,4732.91338985516,False,
728,09_chocolate,singleton,3,0,,800,,3376.85585153942,False,
729,00_chocolate,08_chocolate,1,1,True,800,400,2911.18866467021,False,False
730,08_detergent,singleton,2,0,,800,,1927.20475698315,False,
731,00_detergent,05_detergent,1,3,False,800,400,3856.60705587831,False,True
732,06_detergent,singleton,1,0,,800,,3621.5198717449,False,
733,00_detergent,06_detergent,2,2,True,800,400,557.130964760292,False,False
734,07_detergent,singleton,2,0,,800,,4307.34050530488,True,
735,08_detergent,singleton,2,0,,800,,2749.68982621962,False,
736,08_detergent,singleton,2,0,,800,,2357.99666665661,False,
737,03_detergent,singleton,3,0,,800,,1508.46210798215,True,
738,01_detergent,singleton,3,0,,800,,1984.25919404112,True,
739,00_detergent,07_detergent,2,2,True,800,400,2375.92309753698,False,False
740,00_chocolate,08_chocolate,1,1,True,800,400,1866.97195413922,False,False
741,00_chocolate,09_chocolate,2,2,True,800,400,2918.05226946602,False,False
742,00_chocolate,09_chocolate,2,1,False,800,400,1910.41000531085,True,False
743,07_chocolate,singleton,2,0,,800,,4528.5439909796,False,
744,00_chocolate,09_chocolate,2,1,False,800,400,880.034695446436,False,False
745,03_chocolate,singleton,3,0,,800,,3870.91985004908,False,
746,00_chocolate,07_chocolate,2,1,False,800,400,1430.03230396596,False,False
747,00_chocolate,05_chocolate,2,1,False,800,400,1182.16695044314,False,False
748,03_chocolate,singleton,1,0,,800,,423.702538976969,False,
749,01_chocolate,singleton,2,0,,800,,4799.54434465369,False,
750,06_detergent,singleton,2,0,,800,,4924.78170620495,False,
751,00_detergent,02_detergent,1,3,False,800,400,4926.53746506224,False,False
752,08_detergent,singleton,3,0,,800,,1189.81083428961,False,
753,08_detergent,singleton,1,0,,800,,3257.27924527392,False,
754,02_detergent,singleton,2,0,,800,,4056.37974328299,False,
755,00_detergent,02_detergent,2,2,True,800,400,4056.37974328299,False,False
756,00_detergent,05_detergent,3,3,True,800,400,613.031136594632,False,False
757,01_detergent,singleton,3,0,,800,,1947.58699495125,False,
758,00_detergent,05_detergent,1,2,False,800,400,930.468127963734,False,False
759,04_detergent,singleton,2,0,,800,,4856.61106859241,False,
760,00_chocolate,02_chocolate,3,1,False,800,400,473.47633435136,False,True
761,02_chocolate,singleton,2,0,,800,,1580.35400293373,False,
762,00_chocolate,02_chocolate,1,2,False,800,400,2890.64069942413,False,False
763,07_chocolate,singleton,3,0,,800,,4573.02081858949,False,
764,00_chocolate,04_chocolate,2,3,False,800,400,1553.13023000346,False,False
765,00_chocolate,03_chocolate,3,1,False,800,400,4108.52782331169,False,False
766,00_chocolate,08_chocolate,1,1,True,800,400,2047.06993972992,True,False
767,04_chocolate,singleton,3,0,,800,,4587.82557277233,True,
768,00_chocolate,04_chocolate,3,1,False,800,400,2438.42116515263,False,False
769,09_chocolate,singleton,3,0,,800,,3822.42869568989,False,
770,02_detergent,singleton,1,0,,800,,3197.27496411565,False,
771,01_detergent,singleton,3,0,,800,,2563.55524434553,False,
772,00_detergent,09_detergent,1,1,True,800,400,3535.65799214181,False,False
773,00_detergent,06_detergent,1,1,True,800,400,4498.85569647172,False,False
774,00_detergent,09_detergent,1,3,False,800,400,4858.44408708401,False,False
775,00_detergent,04_detergent,2,2,True,800,400,4985.78154002007,False,False
776,00_detergent,01_detergent,3,2,False,800,400,4104.02463600773,False,False
777,02_detergent,singleton,2,0,,800,,2291.88893122346,False,
778,00_detergent,04_detergent,2,2,True,800,400,4631.5673267707,False,False
779,08_detergent,singleton,2,0,,800,,587.398826515622,False,
780,00_chocolate,08_chocolate,2,2,True,800,400,2416.0109767467,False,True
781,00_chocolate,09_chocolate,1,1,True,800,400,4109.14928540586,False,False
782,00_chocolate,01_chocolate,2,1,False,800,400,2155.81081889745,False,False
783,02_chocolate,singleton,3,0,,800,,473.47633435136,False,
784,00_chocolate,02_chocolate,3,2,False,800,400,4092.89019955132,False,False
785,00_chocolate,04_chocolate,1,2,False,800,400,1111.74912161267,False,True
786,00_chocolate,08_chocolate,1,1,True,800,400,2587.19065275512,False,False
787,04_chocolate,singleton,1,0,,800,,1111.74912161267,False,
788,00_chocolate,08_chocolate,1,1,True,800,400,2744.24779109126,False,False
789,00_chocolate,07_chocolate,1,2,False,800,400,3365.12584010776,False,False
790,02_detergent,singleton,3,0,,800,,1155.97013293716,False,
791,08_detergent,singleton,1,0,,800,,4726.6980945951,False,
792,02_detergent,singleton,3,0,,800,,3994.32553556757,True,
793,00_detergent,01_detergent,3,2,False,800,400,2281.55599435955,False,False
794,00_detergent,05_detergent,2,1,False,800,400,2445.81081836062,False,True
795,05_detergent,singleton,2,0,,800,,4642.97648889798,False,
796,09_detergent,singleton,1,0,,800,,2720.36387210194,False,
797,09_detergent,singleton,1,0,,800,,4776.96348679707,False,
798,04_detergent,singleton,3,0,,800,,2984.06449342635,True,
799,03_detergent,singleton,3,0,,800,,3895.49085902167,False,
800,08_chocolate,singleton,1,0,,800,,1864.57883048356,False,
801,00_chocolate,09_chocolate,2,1,False,800,400,3185.14285870178,False,False
802,06_chocolate,singleton,2,0,,800,,4004.03590408158,False,
803,00_chocolate,02_chocolate,3,2,False,800,400,822.181286540623,False,False
804,04_chocolate,singleton,1,0,,800,,1617.47572595869,False,
805,00_chocolate,05_chocolate,1,1,True,800,400,3158.53207114763,False,False
806,02_chocolate,singleton,1,0,,800,,3310.61519654435,False,
807,07_chocolate,singleton,2,0,,800,,1789.33700544055,False,
808,08_chocolate,singleton,1,0,,800,,2744.24779109126,False,
809,04_chocolate,singleton,2,0,,800,,4832.0215276777,False,
810,05_detergent,singleton,2,0,,800,,2445.81081836062,False,
811,00_detergent,01_detergent,3,2,False,800,400,1248.69844631656,False,False
812,00_detergent,08_detergent,2,2,True,800,400,2749.68982621962,False,False
813,02_detergent,singleton,3,0,,800,,4399.9577894708,False,
814,00_detergent,03_detergent,3,2,False,800,400,3304.52638583279,True,False
815,00_detergent,09_detergent,3,2,False,800,400,2835.68023054931,True,False
816,06_detergent,singleton,3,0,,800,,1559.12391736245,True,
817,00_detergent,03_detergent,3,3,True,800,400,2789.24396076166,False,False
818,04_detergent,singleton,1,0,,800,,3758.87473078908,False,
819,00_detergent,07_detergent,1,1,True,800,400,1124.67211217618,True,False
820,00_chocolate,08_chocolate,1,2,False,800,400,1864.57883048356,False,False
821,00_chocolate,09_chocolate,3,3,True,800,400,440.457527403429,False,False
822,07_chocolate,singleton,2,0,,800,,690.48574529058,True,
823,06_chocolate,singleton,1,0,,800,,1592.62853088887,True,
824,00_chocolate,07_chocolate,2,1,False,800,400,826.314898119795,False,False
825,00_chocolate,06_chocolate,2,1,False,800,400,757.906103616576,False,False
826,00_chocolate,04_chocolate,3,2,False,800,400,3723.91815350805,False,False
827,00_chocolate,01_chocolate,1,3,False,800,400,1506.7456971532,False,False
828,00_chocolate,04_chocolate,2,2,True,800,400,1015.97102659389,False,False
829,00_chocolate,01_chocolate,2,1,False,800,400,4938.27948039583,False,False
830,07_detergent,singleton,1,0,,800,,966.419506101721,False,
831,06_detergent,singleton,1,0,,800,,2992.87294656883,False,
832,06_detergent,singleton,2,0,,800,,2985.70573547166,False,
833,00_detergent,01_detergent,3,2,False,800,400,1386.19847950073,False,False
834,00_detergent,07_detergent,2,1,False,800,400,2133.12998366101,False,False
835,06_detergent,singleton,3,0,,800,,1406.49882387673,False,
836,00_detergent,03_detergent,1,3,False,800,400,2226.30355213524,True,False
837,05_detergent,singleton,1,0,,800,,3436.90687788577,False,
838,00_detergent,04_detergent,2,3,False,800,400,2702.51017657854,False,False
839,09_detergent,singleton,1,0,,800,,4858.44408708401,False,
840,00_chocolate,05_chocolate,2,3,False,800,400,568.425367376831,False,False
841,02_chocolate,singleton,2,0,,800,,2887.20251148814,False,
842,00_chocolate,04_chocolate,3,2,False,800,400,4340.1328792886,False,False
843,05_chocolate,singleton,3,0,,800,,4974.27707915993,False,
844,00_chocolate,05_chocolate,2,3,False,800,400,4014.52681624172,False,False
845,08_chocolate,singleton,2,0,,800,,4049.17655216248,False,
846,00_chocolate,06_chocolate,1,2,False,800,400,4732.91338985516,False,False
847,01_chocolate,singleton,2,0,,800,,4938.27948039583,False,
848,06_chocolate,singleton,3,0,,800,,823.341274655243,False,
849,02_chocolate,singleton,1,0,,800,,2890.64069942413,False,
850,00_detergent,03_detergent,2,1,False,800,400,3614.24572871188,False,False
851,02_detergent,singleton,3,0,,800,,3141.76910619926,False,
852,07_detergent,singleton,2,0,,800,,2133.12998366101,False,
853,07_detergent,singleton,2,0,,800,,4368.08904846869,False,
854,04_detergent,singleton,3,0,,800,,1626.36028502256,False,
855,00_detergent,02_detergent,2,3,False,800,400,2364.14836343845,False,False
856,00_detergent,02_detergent,3,1,False,800,400,2139.32213163562,False,False
857,00_detergent,05_detergent,2,3,False,800,400,3962.32353393714,False,False
858,00_detergent,03_detergent,2,2,True,800,400,3586.01207232802,True,False
859,00_detergent,08_detergent,3,2,False,800,400,3775.47363130768,True,False
860,04_chocolate,singleton,3,0,,800,,3052.7027471935,False,
861,05_chocolate,singleton,2,0,,800,,4319.61992108349,False,
862,04_chocolate,singleton,3,0,,800,,4695.82326515345,False,
863,00_chocolate,03_chocolate,1,1,True,800,400,3475.28370152998,False,False
864,00_chocolate,01_chocolate,1,2,False,800,400,4241.72227523391,False,False
865,00_chocolate,04_chocolate,1,2,False,800,400,1621.28558845905,False,False
866,02_chocolate,singleton,3,0,,800,,4092.89019955132,False,
867,00_chocolate,03_chocolate,2,1,False,800,400,2406.64068353616,False,False
868,01_chocolate,singleton,2,0,,800,,2155.81081889745,False,
869,00_chocolate,01_chocolate,1,1,True,800,400,4914.24548278372,False,False
870,00_detergent,05_detergent,1,2,False,800,400,1812.06802858798,False,False
871,00_detergent,03_detergent,2,2,True,800,400,1362.11233415438,False,False
872,05_detergent,singleton,1,0,,800,,930.468127963734,False,
873,01_detergent,singleton,3,0,,800,,1621.17596860917,False,
874,00_detergent,06_detergent,2,3,False,800,400,4368.00188200888,True,False
875,07_detergent,singleton,2,0,,800,,3812.1051353697,False,
876,00_detergent,03_detergent,3,1,False,800,400,2225.0663236664,False,False
877,07_detergent,singleton,2,0,,800,,4642.9629743253,False,
878,00_detergent,03_detergent,1,2,False,800,400,4601.00448739741,False,False
879,01_detergent,singleton,2,0,,800,,1686.82452175419,False,
880,09_chocolate,singleton,2,0,,800,,2119.70616556242,False,
881,03_chocolate,singleton,1,0,,800,,2690.40039959918,False,
882,09_chocolate,singleton,2,0,,800,,2087.12783876963,False,
883,00_chocolate,03_chocolate,1,1,True,800,400,498.893343942053,False,False
884,01_chocolate,singleton,2,0,,800,,2109.27123560589,True,
885,05_chocolate,singleton,2,0,,800,,1699.78792511436,False,
886,00_chocolate,06_chocolate,3,1,False,800,400,1810.60348001708,False,False
887,00_chocolate,03_chocolate,3,1,False,800,400,3870.91985004908,False,False
888,07_chocolate,singleton,3,0,,800,,3868.9610885261,False,
889,04_chocolate,singleton,3,0,,800,,779.435554802961,False,
890,00_detergent,05_detergent,1,1,True,800,400,3518.45775987666,False,False
891,00_detergent,06_detergent,3,3,True,800,400,2545.69431335926,False,True
892,01_detergent,singleton,2,0,,800,,3328.07988075672,False,
893,00_detergent,05_detergent,1,1,True,800,400,3436.90687788577,False,False
894,05_detergent,singleton,2,0,,800,,3962.32353393714,False,
895,00_detergent,07_detergent,3,1,False,800,400,4500.0971288294,False,False
896,05_detergent,singleton,3,0,,800,,2411.08031327472,False,
897,03_detergent,singleton,1,0,,800,,2226.30355213524,True,
898,00_detergent,01_detergent,2,1,False,800,400,1686.82452175419,False,False
899,00_detergent,08_detergent,1,2,False,800,400,2922.16932592047,False,False
900,00_chocolate,01_chocolate,2,2,True,800,400,4162.30014608556,True,False
901,00_chocolate,09_chocolate,1,1,True,800,400,3454.16707847304,False,False
902,00_chocolate,01_chocolate,2,1,False,800,400,2109.27123560589,False,False
903,01_chocolate,singleton,2,0,,800,,547.811164605412,False,
904,01_chocolate,singleton,1,0,,800,,882.005208276664,False,
905,09_chocolate,singleton,2,0,,800,,2918.05226946602,False,
906,02_chocolate,singleton,3,0,,800,,1936.7316210587,False,
907,00_chocolate,05_chocolate,3,2,False,800,400,1758.86879790655,False,False
908,00_chocolate,02_chocolate,3,2,False,800,400,1936.7316210587,False,False
909,09_chocolate,singleton,2,0,,800,,880.034695446436,True,
910,04_detergent,singleton,1,0,,800,,2078.91939627077,False,
911,07_detergent,singleton,3,0,,800,,3614.6823967368,False,
912,00_detergent,06_detergent,2,3,False,800,400,2453.18516145773,False,False
913,08_detergent,singleton,2,0,,800,,627.500523736744,False,
914,00_detergent,05_detergent,3,1,False,800,400,2581.28354076972,False,False
915,00_detergent,05_detergent,1,1,True,800,400,4204.70136561268,False,False
916,00_detergent,02_detergent,2,3,False,800,400,2264.26566243532,False,True
917,00_detergent,05_detergent,2,1,False,800,400,906.691972938508,False,False
918,00_detergent,03_detergent,1,1,True,800,400,4995.61412303116,False,False
919,00_detergent,02_detergent,2,3,False,800,400,2781.70692719748,True,False
920,00_chocolate,09_chocolate,1,1,True,800,400,1806.15228687882,False,False
921,01_chocolate,singleton,1,0,,800,,4241.72227523391,False,
922,08_chocolate,singleton,3,0,,800,,3409.77077739183,False,
923,06_chocolate,singleton,3,0,,800,,1810.60348001708,False,
924,08_chocolate,singleton,1,0,,800,,1866.97195413922,True,
925,06_chocolate,singleton,3,0,,800,,2895.78143295969,False,
926,01_chocolate,singleton,2,0,,800,,4677.7737412107,True,
927,05_chocolate,singleton,2,0,,800,,4014.52681624172,False,
928,08_chocolate,singleton,1,0,,800,,2587.19065275512,False,
929,00_chocolate,02_chocolate,3,1,False,800,400,1534.39859964491,False,False
930,00_detergent,02_detergent,1,1,True,800,400,3580.0743241435,False,False
931,00_detergent,05_detergent,3,2,False,800,400,2359.62361877844,False,False
932,02_detergent,singleton,1,0,,800,,3016.64794721344,False,
933,08_detergent,singleton,2,0,,800,,4906.58863781046,False,
934,00_detergent,06_detergent,1,1,True,800,400,2515.72058377803,False,False
935,04_detergent,singleton,2,0,,800,,4225.05741369857,True,
936,00_detergent,04_detergent,2,1,False,800,400,4601.87830806165,False,False
937,00_detergent,07_detergent,3,3,True,800,400,4769.74203121232,True,False
938,00_detergent,06_detergent,3,2,False,800,400,2882.79402153008,False,False
939,00_detergent,06_detergent,1,3,False,800,400,2992.87294656883,False,False
940,00_chocolate,05_chocolate,2,1,False,800,400,1204.51406687614,False,False
941,00_chocolate,03_chocolate,3,1,False,800,400,3751.275154886,False,False
942,00_chocolate,09_chocolate,1,3,False,800,400,3336.03849978703,False,False
943,00_chocolate,08_chocolate,3,2,False,800,400,1991.00648787917,False,False
944,05_chocolate,singleton,1,0,,800,,2521.13481672195,False,
945,00_chocolate,04_chocolate,1,1,True,800,400,2787.9744473259,False,True
946,00_chocolate,09_chocolate,3,2,False,800,400,4614.36005304734,False,False
947,00_chocolate,04_chocolate,1,2,False,800,400,1222.59763307852,False,False
948,00_chocolate,04_chocolate,3,1,False,800,400,4695.82326515345,False,False
949,04_chocolate,singleton,3,0,,800,,4999.5268626234,False,
950,05_detergent,singleton,2,0,,800,,1837.26130958428,False,
951,00_detergent,08_detergent,2,1,False,800,400,4920.78142376406,False,False
952,06_detergent,singleton,3,0,,800,,2545.69431335926,False,
953,06_detergent,singleton,3,0,,800,,2405.08432165911,True,
954,00_detergent,09_detergent,1,2,False,800,400,533.608165738777,False,False
955,00_detergent,04_detergent,2,1,False,800,400,1462.82727672658,False,False
956,07_detergent,singleton,3,0,,800,,3268.09617225161,False,
957,00_detergent,09_detergent,3,1,False,800,400,1953.36364965518,False,False
958,00_detergent,07_detergent,2,3,False,800,400,4642.9629743253,False,True
959,00_detergent,04_detergent,2,2,True,800,400,4856.61106859241,False,True
960,00_chocolate,08_chocolate,3,3,True,800,400,1236.61429066539,False,False
961,07_chocolate,singleton,2,0,,800,,826.314898119795,False,
962,01_chocolate,singleton,1,0,,800,,1632.82546090108,False,
963,00_chocolate,03_chocolate,2,2,True,800,400,1032.74039593636,False,False
964,06_chocolate,singleton,2,0,,800,,4944.94063842922,False,
965,00_chocolate,07_chocolate,3,3,True,800,400,2321.19484914483,True,False
966,01_detergent,singleton,2,0,,800,,3518.26338496532,False,
967,00_detergent,04_detergent,2,3,False,800,400,517.484727450359,True,False
968,01_detergent,singleton,3,0,,800,,3890.12082683545,False,
969,00_detergent,06_detergent,1,2,False,800,400,1415.21784232776,False,False
970,00_detergent,06_detergent,2,3,False,800,400,4924.78170620495,False,False
971,04_detergent,singleton,2,0,,800,,3969.71248154017,False,
